id;active;due_date;created_at
1;true;2019-10-21T13:26:44;2019-10-20T19:03:45
2;false;2019-10-20T20:41:22;2019-10-21T10:44:05
3;false;2019-10-21T05:58:52;2019-10-20T18:33:22
4;true;2019-10-21T03:02:00;2019-10-21T08:11:35
5;true;2019-10-21T13:02:50;2019-10-20T18:28:17
6;false;2019-10-21T08:20:43;2019-10-20T18:12:49
7;false;2019-10-21T09:26:46;2019-10-21T10:30:25
8;true;2019-10-21T05:43:37;2019-10-21T15:57:53
9;true;2019-10-21T07:30:57;2019-10-20T19:19:12
10;false;2019-10-21T15:48:38;2019-10-21T12:01:32
